<?xml version='1.0' encoding='UTF-8'?>
<?artifactRepository version='1.1.0'?>
<repository name='file:/C:/Users/ashgoya2/AnypointStudio/research/barn-connector/target/update-site/ - artifacts' type='org.eclipse.equinox.p2.artifact.repository.simpleRepository' version='1'>
  <properties size='2'>
    <property name='p2.timestamp' value='1507013714690'/>
    <property name='p2.compressed' value='false'/>
  </properties>
  <mappings size='3'>
    <rule filter='(&amp; (classifier=osgi.bundle))' output='${repoUrl}/plugins/${id}_${version}.jar'/>
    <rule filter='(&amp; (classifier=binary))' output='${repoUrl}/binary/${id}_${version}'/>
    <rule filter='(&amp; (classifier=org.eclipse.update.feature))' output='${repoUrl}/features/${id}_${version}.jar'/>
  </mappings>
  <artifacts size='2'>
    <artifact classifier='osgi.bundle' id='org.mule.tooling.ui.contribution.barn.3.5.0' version='1.0.0.201710022355'>
      <properties size='3'>
        <property name='artifact.size' value='330314'/>
        <property name='download.size' value='330314'/>
        <property name='download.md5' value='5d9903616ba65cdfc045caec8ce65f2a'/>
      </properties>
    </artifact>
    <artifact classifier='org.eclipse.update.feature' id='org.mule.tooling.ui.extension.barn-connector.3.5.0' version='1.0.0.201710022355'>
      <properties size='4'>
        <property name='artifact.size' value='641'/>
        <property name='download.size' value='641'/>
        <property name='download.md5' value='fe46b9990803ea3290c9bc8177823d13'/>
        <property name='download.contentType' value='application/zip'/>
      </properties>
    </artifact>
  </artifacts>
</repository>
